1. uncorreted dist,2. corrected dst,3. LiDAR GT 
23.290000915527344,23.290000915527344,0
22.84000015258789,22.84000015258789,0
22.719999313354492,22.719999313354492,0
22.290000915527344,22.290000915527344,0
22.290000915527344,22.290000915527344,0
19.010000228881836,21.989999771118164,0
17.93000030517578,21.790000915527344,0
17.969999313354492,21.579999923706055,0
18.65999984741211,21.899999618530273,0
18.65999984741211,21.899999618530273,0
18.729999542236328,21.59000015258789,0
18.969999313354492,21.649999618530273,0
18.959999084472656,22.479999542236328,0
18.90999984741211,22.719999313354492,0
18.850000381469727,22.8700008392334,0
18.1200008392334,22.68000030517578,0
18.1200008392334,22.68000030517578,0
17.3799991607666,22.799999237060547,0
17.3799991607666,22.799999237060547,0
16.75,22.450000762939453,0
16.459999084472656,22.219999313354492,0
16.559999465942383,22.709999084472656,0
16.559999465942383,22.709999084472656,0
14.789999961853027,25.43000030517578,0
12.770000457763672,22.209999084472656,0
12.760000228881836,22.190000534057617,0
13.279999732971191,22.889999389648438,0
16.299999237060547,22.920000076293945,0
18.1299991607666,23.649999618530273,0
20.09000015258789,24.100000381469727,0
20.09000015258789,24.100000381469727,0
20.09000015258789,24.100000381469727,0
36.84000015258789,25.670000076293945,0
44.02000045776367,27.43000030517578,0
40.189998626708984,28.350000381469727,0
40.189998626708984,28.350000381469727,0
19.579999923706055,27.469999313354492,0
19.579999923706055,27.469999313354492,0
19.579999923706055,27.469999313354492,0
19.579999923706055,27.469999313354492,0
19.579999923706055,27.469999313354492,0
17.200000762939453,26.75,0
17.200000762939453,26.75,0
18.350000381469727,26.010000228881836,0
19.010000228881836,25.950000762939453,0
19.110000610351562,25.139999389648438,0
19.329999923706055,24.610000610351562,0
19.829999923706055,24.700000762939453,0
19.229999542236328,24.459999084472656,0
19.229999542236328,24.459999084472656,0
0,0,0
0,0,0
0,0,0
0,0,0
0,0,0
0,0,0
0,0,0
0,0,0
0,0,0
0,0,0
0,0,0
0,0,0
0,0,0
0,0,0
0,0,0
0,0,0
0,0,0
0,0,0
0,0,0
0,0,0
0,0,0
0,0,0
0,0,0
0,0,0
0,0,0
0,0,0
0,0,0
0,0,0
0,0,0
0,0,0
0,0,0
0,0,0
0,0,0
0,0,0
0,0,0
0,0,0
0,0,0
0,0,0
0,0,0
0,0,0
0,0,0
0,0,0
0,0,0
0,0,0
0,0,0
0,0,0
0,0,0
0,0,0
0,0,0
0,0,0
0,0,0
0,0,0
0,0,0
0,0,0
0,0,0
0,0,0
0,0,0
0,0,0
0,0,0
0,0,0
0,0,0
0,0,0
0,0,0
0,0,0
0,0,0
0,0,0
0,0,0
0,0,0
0,0,0
0,0,0
0,0,0
0,0,0
0,0,0
0,0,0
0,0,0
0,0,0
0,0,0
0,0,0
0,0,0
0,0,0
0,0,0
0,0,0
0,0,0
0,0,0
0,0,0
0,0,0
0,0,0
0,0,0
0,0,0
0,0,0
0,0,0
0,0,0
0,0,0
0,0,0
0,0,0
0,0,0
0,0,0
0,0,0
0,0,0
0,0,0
0,0,0
0,0,0
0,0,0
0,0,0
0,0,0
0,0,0
0,0,0
0,0,0
0,0,0
0,0,0
0,0,0
0,0,0
0,0,0
0,0,0
0,0,0
0,0,0
0,0,0
0,0,0
0,0,0
0,0,0
0,0,0
0,0,0
0,0,0
0,0,0
0,0,0
0,0,0
0,0,0
0,0,0
0,0,0
0,0,0
0,0,0
0,0,0
0,0,0
0,0,0
0,0,0
0,0,0
0,0,0
0,0,0
0,0,0
0,0,0
0,0,0
0,0,0
0,0,0
0,0,0
0,0,0
0,0,0
0,0,0
0,0,0
0,0,0
0,0,0
0,0,0
0,0,0
31.049999237060547,5.150000095367432,0
32.560001373291016,5.059999942779541,0
32.27000045776367,5.010000228881836,0
32.0099983215332,4.929999828338623,0
31.6299991607666,4.880000114440918,0
31.1200008392334,4.849999904632568,0
31.209999084472656,4.840000152587891,0
31.18000030517578,4.730000019073486,0
32.09000015258789,4.659999847412109,0
32.15999984741211,4.630000114440918,0
32.470001220703125,4.579999923706055,0
32.470001220703125,4.579999923706055,0
32.970001220703125,4.53000020980835,0
33.22999954223633,4.480000019073486,0
36.41999816894531,4.349999904632568,0
36.189998626708984,4.28000020980835,0
34.56999969482422,4.230000019073486,0
34.36000061035156,4.28000020980835,0
35.119998931884766,4.190000057220459,0
36.09000015258789,4.179999828338623,0
35.5,4.199999809265137,0
35.5,4.199999809265137,0
35.099998474121094,4.110000133514404,0
35.099998474121094,4.110000133514404,0
32.34000015258789,4.090000152587891,0
32.650001525878906,4.03000020980835,0
33.869998931884766,3.990000009536743,0
34.91999816894531,3.950000047683716,0
34.869998931884766,3.880000114440918,0
34.869998931884766,3.880000114440918,0
34.869998931884766,3.880000114440918,0
34.119998931884766,3.8499999046325684,0
34.40999984741211,3.799999952316284,0
34.63999938964844,3.7300000190734863,0
33.599998474121094,3.7300000190734863,0
33.7599983215332,3.6500000953674316,0
31.209999084472656,3.619999885559082,0
31.209999084472656,3.619999885559082,0
30.729999542236328,3.509999990463257,0
30.079999923706055,3.4800000190734863,0
30.6299991607666,3.440000057220459,0
30.450000762939453,3.380000114440918,0
30.889999389648438,3.4100000858306885,0
33.9900016784668,3.359999895095825,0
33.279998779296875,3.299999952316284,0
33.54999923706055,3.2300000190734863,0
45.0099983215332,3.1700000762939453,0
43.5099983215332,3.1600000858306885,0
43.5099983215332,3.1600000858306885,0
41.369998931884766,3.0299999713897705,0
42.560001373291016,3.0399999618530273,0
42.65999984741211,3.0299999713897705,0
38.459999084472656,2.990000009536743,0
34.099998474121094,3.009999990463257,0
33.86000061035156,3.0,0
37.2599983215332,3.0,0
36.18000030517578,2.950000047683716,0
32.970001220703125,2.950000047683716,0
31.950000762939453,2.890000104904175,0
32.97999954223633,2.930000066757202,0
32.97999954223633,2.930000066757202,0
34.459999084472656,2.890000104904175,0
33.650001525878906,2.859999895095825,0
30.510000228881836,2.890000104904175,0
25.1200008392334,2.9200000762939453,0
25.1200008392334,2.9200000762939453,0
26.940000534057617,2.8299999237060547,0
26.940000534057617,2.8299999237060547,0
29.020000457763672,2.880000114440918,0
28.979999542236328,2.8499999046325684,0
28.959999084472656,2.859999895095825,0
28.959999084472656,2.859999895095825,0
29.25,2.869999885559082,0
26.610000610351562,2.9200000762939453,0
29.1299991607666,2.859999895095825,0
28.68000030517578,2.890000104904175,0
24.940000534057617,2.9100000858306885,0
25.770000457763672,2.890000104904175,0
24.959999084472656,2.880000114440918,0
22.809999465942383,2.9100000858306885,0
19.219999313354492,2.9700000286102295,0
17.719999313354492,3.0,0
15.449999809265137,3.0199999809265137,0
13.34000015258789,3.069999933242798,0
12.600000381469727,3.0899999141693115,0
13.079999923706055,3.049999952316284,0
14.260000228881836,3.0299999713897705,0
15.460000038146973,3.0199999809265137,0
17.43000030517578,2.9800000190734863,0
18.979999542236328,2.9800000190734863,0
19.549999237060547,2.930000066757202,0
21.739999771118164,2.9200000762939453,0
23.719999313354492,2.890000104904175,0
25.290000915527344,2.9100000858306885,0
25.290000915527344,2.9100000858306885,0
35.459999084472656,2.809999942779541,0
35.459999084472656,2.809999942779541,0
48.060001373291016,2.8299999237060547,0
74.37000274658203,2.7899999618530273,0
74.37000274658203,2.7799999713897705,0
74.37000274658203,2.75,0
67.56999969482422,2.799999952316284,0
48.70000076293945,2.8399999141693115,0
48.70000076293945,2.8399999141693115,0
30.8700008392334,2.8299999237060547,0
28.31999969482422,2.7899999618530273,0
27.90999984741211,2.809999942779541,0
27.90999984741211,2.809999942779541,0
27.90999984741211,2.809999942779541,0
28.25,2.75,0
29.18000030517578,2.700000047683716,0
31.09000015258789,2.6700000762939453,0
31.09000015258789,2.6700000762939453,0
31.18000030517578,2.680000066757202,0
31.18000030517578,2.680000066757202,0
31.18000030517578,2.680000066757202,0
31.18000030517578,2.680000066757202,0
31.18000030517578,2.680000066757202,0
31.18000030517578,2.680000066757202,0
31.18000030517578,2.680000066757202,0
31.18000030517578,2.680000066757202,0
32.880001068115234,2.609999895095825,0
32.880001068115234,2.609999895095825,0
30.1200008392334,2.569999933242798,0
30.43000030517578,2.5999999046325684,0
30.299999237060547,2.569999933242798,0
30.299999237060547,2.569999933242798,0
30.040000915527344,2.5299999713897705,0
30.040000915527344,2.5299999713897705,0
24.399999618530273,2.5299999713897705,0
22.719999313354492,2.549999952316284,0
22.139999389648438,2.5199999809265137,0
22.3799991607666,2.490000009536743,0
23.030000686645508,2.4800000190734863,0
23.940000534057617,2.4000000953674316,0
23.940000534057617,2.4000000953674316,0
24.860000610351562,2.369999885559082,0
23.93000030517578,2.369999885559082,0
23.93000030517578,2.369999885559082,0
26.549999237060547,2.299999952316284,0
26.549999237060547,2.299999952316284,0
26.549999237060547,2.299999952316284,0
26.549999237060547,2.299999952316284,0
26.549999237060547,2.299999952316284,0
26.549999237060547,2.299999952316284,0
26.549999237060547,2.299999952316284,0
26.549999237060547,2.299999952316284,0
26.549999237060547,2.299999952316284,0
22.899999618530273,2.2899999618530273,0
22.899999618530273,2.2899999618530273,0
22.899999618530273,2.2899999618530273,0
23.18000030517578,2.2699999809265137,0
23.18000030517578,2.2699999809265137,0
22.760000228881836,2.2200000286102295,0
22.760000228881836,2.2200000286102295,0
22.760000228881836,2.2200000286102295,0
21.959999084472656,2.2100000381469727,0
21.940000534057617,2.1700000762939453,0
21.920000076293945,2.1600000858306885,0
22.459999084472656,2.1700000762939453,0
22.459999084472656,2.1700000762939453,0
22.399999618530273,2.1600000858306885,0
22.399999618530273,2.1600000858306885,0
21.8700008392334,2.119999885559082,0
21.68000030517578,2.119999885559082,0
21.190000534057617,2.140000104904175,0
19.549999237060547,2.119999885559082,0
13.470000267028809,2.2799999713897705,0
13.470000267028809,2.2799999713897705,0
13.470000267028809,2.2799999713897705,0
13.470000267028809,2.2799999713897705,0
13.470000267028809,2.2799999713897705,0
13.470000267028809,2.2799999713897705,0
57.25,2.0199999809265137,0
35.11000061035156,2.049999952316284,0
35.11000061035156,2.049999952316284,0
20.110000610351562,2.2100000381469727,0
20.110000610351562,2.2100000381469727,0
24.270000457763672,2.069999933242798,0
24.270000457763672,2.069999933242798,0
24.270000457763672,2.069999933242798,0
22.270000457763672,2.069999933242798,0
18.670000076293945,2.0899999141693115,0
18.670000076293945,2.0899999141693115,0
18.670000076293945,2.0899999141693115,0
19.190000534057617,2.069999933242798,0
19.530000686645508,2.069999933242798,0
19.530000686645508,2.069999933242798,0
19.530000686645508,2.069999933242798,0
19.530000686645508,2.069999933242798,0
19.530000686645508,2.069999933242798,0
19.530000686645508,2.069999933242798,0
19.530000686645508,2.069999933242798,0
19.530000686645508,2.069999933242798,0
21.479999542236328,2.0199999809265137,0
21.81999969482422,2.0199999809265137,0
21.440000534057617,1.9900000095367432,0
21.440000534057617,1.9900000095367432,0
21.440000534057617,1.9900000095367432,0
21.440000534057617,1.9900000095367432,0
21.440000534057617,1.9900000095367432,0
21.440000534057617,1.9900000095367432,0
21.739999771118164,1.9500000476837158,0
21.229999542236328,1.9700000286102295,0
21.229999542236328,1.9700000286102295,0
21.440000534057617,1.940000057220459,0
20.40999984741211,1.9299999475479126,0
20.40999984741211,1.9299999475479126,0
20.40999984741211,1.9299999475479126,0
20.40999984741211,1.9299999475479126,0
19.8799991607666,1.8600000143051147,0
20.020000457763672,1.850000023841858,0
19.889999389648438,1.8600000143051147,0
20.700000762939453,1.7999999523162842,0
20.239999771118164,1.809999942779541,0
19.6200008392334,1.8300000429153442,0
19.6200008392334,1.8300000429153442,0
19.6200008392334,1.8300000429153442,0
18.90999984741211,1.75,0
18.520000457763672,1.75,0
18.520000457763672,1.75,0
19.389999389648438,1.7599999904632568,0
19.209999084472656,1.7400000095367432,0
19.149999618530273,1.7400000095367432,0
18.6200008392334,1.7699999809265137,0
19.360000610351562,1.75,0
19.440000534057617,1.7799999713897705,0
19.440000534057617,1.7799999713897705,0
19.440000534057617,1.7799999713897705,0
19.440000534057617,1.7799999713897705,0
19.440000534057617,1.7799999713897705,0
19.440000534057617,1.7799999713897705,0
21.049999237060547,1.690000057220459,0
21.049999237060547,1.690000057220459,0
21.049999237060547,1.690000057220459,0
21.049999237060547,1.690000057220459,0
21.049999237060547,1.690000057220459,0
21.049999237060547,1.690000057220459,0
15.100000381469727,1.6799999475479126,0
18.0,1.600000023841858,0
18.0,1.600000023841858,0
18.0,1.600000023841858,0
18.0,1.600000023841858,0
18.0,1.600000023841858,0
18.0,1.600000023841858,0
18.0,1.600000023841858,0
20.75,1.590000033378601,0
20.75,1.590000033378601,0
18.25,1.600000023841858,0
18.25,1.600000023841858,0
18.25,1.600000023841858,0
18.18000030517578,1.590000033378601,0
18.440000534057617,1.600000023841858,0
18.440000534057617,1.600000023841858,0
18.469999313354492,1.5499999523162842,0
17.75,1.5499999523162842,0
17.8700008392334,1.5700000524520874,0
17.889999389648438,1.5499999523162842,0
19.329999923706055,1.5299999713897705,0
19.329999923706055,1.5299999713897705,0
19.329999923706055,1.5299999713897705,0
19.329999923706055,1.5299999713897705,0
19.3799991607666,1.5399999618530273,0
18.309999465942383,1.5399999618530273,0
18.309999465942383,1.5399999618530273,0
18.309999465942383,1.5399999618530273,0
18.309999465942383,1.5399999618530273,0
18.309999465942383,1.5399999618530273,0
18.399999618530273,1.4900000095367432,0
18.280000686645508,1.5,0
15.800000190734863,1.5399999618530273,0
15.800000190734863,1.5399999618530273,0
14.869999885559082,1.5499999523162842,0
14.869999885559082,1.5499999523162842,0
16.56999969482422,1.5,0
18.1299991607666,1.5099999904632568,0
19.3799991607666,1.5299999713897705,0
18.610000610351562,1.5199999809265137,0
19.200000762939453,1.5099999904632568,0
18.3700008392334,1.4800000190734863,0
18.5,1.5,0
18.139999389648438,1.4700000286102295,0
18.40999984741211,1.4700000286102295,0
18.309999465942383,1.4800000190734863,0
18.309999465942383,1.4800000190734863,0
19.479999542236328,1.4800000190734863,0
19.479999542236328,1.4800000190734863,0
23.850000381469727,1.4700000286102295,0
25.75,1.4500000476837158,0
26.770000457763672,1.4500000476837158,0
23.780000686645508,1.440000057220459,0
23.239999771118164,1.4199999570846558,0
19.15999984741211,1.4700000286102295,0
18.850000381469727,1.4500000476837158,0
18.540000915527344,1.440000057220459,0
19.450000762939453,1.409999966621399,0
19.3799991607666,1.409999966621399,0
19.559999465942383,1.399999976158142,0
19.15999984741211,1.409999966621399,0
19.15999984741211,1.409999966621399,0
20.479999542236328,1.3799999952316284,0
20.479999542236328,1.3799999952316284,0
20.790000915527344,1.309999942779541,0
19.84000015258789,1.3300000429153442,0
17.6200008392334,1.3300000429153442,0
15.289999961853027,1.350000023841858,0
14.850000381469727,1.3700000047683716,0
16.040000915527344,1.3600000143051147,0
16.040000915527344,1.3600000143051147,0
21.329999923706055,1.3200000524520874,0
26.3700008392334,1.2799999713897705,0
36.529998779296875,1.25,0
39.599998474121094,1.2599999904632568,0
42.43000030517578,1.2599999904632568,0
42.43000030517578,1.2599999904632568,0
33.790000915527344,1.2599999904632568,0
26.270000457763672,1.2699999809265137,0
22.59000015258789,1.2799999713897705,0
22.59000015258789,1.2799999713897705,0
22.06999969482422,1.2999999523162842,0
20.489999771118164,1.2999999523162842,0
19.950000762939453,1.309999942779541,0
20.510000228881836,1.2999999523162842,0
19.90999984741211,1.2999999523162842,0
19.100000381469727,1.309999942779541,0
20.139999389648438,1.2899999618530273,0
19.75,1.3200000524520874,0
21.440000534057617,1.3200000524520874,0
21.440000534057617,1.3200000524520874,0
24.959999084472656,1.2899999618530273,0
24.579999923706055,1.2799999713897705,0
22.709999084472656,1.2999999523162842,0
22.440000534057617,1.2999999523162842,0
22.139999389648438,1.309999942779541,0
22.350000381469727,1.2899999618530273,0
22.329999923706055,1.309999942779541,0
22.549999237060547,1.2899999618530273,0
22.610000610351562,1.2999999523162842,0
24.3799991607666,1.2899999618530273,0
24.90999984741211,1.2899999618530273,0
22.389999389648438,1.309999942779541,0
20.979999542236328,1.309999942779541,0
20.979999542236328,1.309999942779541,0
21.329999923706055,1.309999942779541,0
20.309999465942383,1.309999942779541,0
17.860000610351562,1.3300000429153442,0
17.5,1.340000033378601,0
17.540000915527344,1.3300000429153442,0
24.020000457763672,1.309999942779541,0
24.520000457763672,1.309999942779541,0
24.520000457763672,1.309999942779541,0
24.190000534057617,1.2799999713897705,0
19.15999984741211,1.3300000429153442,0
19.420000076293945,1.3300000429153442,0
19.8799991607666,1.3300000429153442,0
19.8799991607666,1.3300000429153442,0
19.8799991607666,1.3300000429153442,0
19.8799991607666,1.3300000429153442,0
19.8799991607666,1.3300000429153442,0
19.8799991607666,1.3300000429153442,0
19.8799991607666,1.3300000429153442,0
19.8799991607666,1.3300000429153442,0
19.8799991607666,1.3300000429153442,0
19.8799991607666,1.3300000429153442,0
19.8799991607666,1.3300000429153442,0
19.8799991607666,1.3300000429153442,0
19.8799991607666,1.3300000429153442,0
19.8799991607666,1.3300000429153442,0
21.100000381469727,1.2899999618530273,0
21.780000686645508,1.309999942779541,0
21.780000686645508,1.309999942779541,0
20.309999465942383,1.2999999523162842,0
20.079999923706055,1.2899999618530273,0
20.079999923706055,1.2899999618530273,0
20.079999923706055,1.2899999618530273,0
21.489999771118164,1.2699999809265137,0
21.489999771118164,1.2699999809265137,0
21.489999771118164,1.2699999809265137,0
21.489999771118164,1.2699999809265137,0
21.489999771118164,1.2699999809265137,0
19.68000030517578,1.2899999618530273,0
19.68000030517578,1.2899999618530273,0
19.31999969482422,1.309999942779541,0
19.56999969482422,1.2799999713897705,0
19.639999389648438,1.2999999523162842,0
19.639999389648438,1.2999999523162842,0
20.329999923706055,1.2799999713897705,0
20.329999923706055,1.2799999713897705,0
18.549999237060547,1.2899999618530273,0
18.329999923706055,1.2699999809265137,0
18.290000915527344,1.2899999618530273,0
17.81999969482422,1.2999999523162842,0
17.100000381469727,1.309999942779541,0
17.100000381469727,1.309999942779541,0
17.1299991607666,1.3300000429153442,0
17.3799991607666,1.3300000429153442,0
17.450000762939453,1.3300000429153442,0
16.059999465942383,1.2999999523162842,0
16.649999618530273,1.309999942779541,0
18.6200008392334,1.2799999713897705,0
17.0,1.309999942779541,0
18.09000015258789,1.2699999809265137,0
17.709999084472656,1.2799999713897705,0
17.420000076293945,1.2899999618530273,0
16.670000076293945,1.2999999523162842,0
16.459999084472656,1.309999942779541,0
16.59000015258789,1.2999999523162842,0
16.049999237060547,1.2799999713897705,0
16.520000457763672,1.2899999618530273,0
15.479999542236328,1.3300000429153442,0
16.450000762939453,1.2799999713897705,0
16.530000686645508,1.2899999618530273,0
17.65999984741211,1.2599999904632568,0
17.06999969482422,1.2899999618530273,0
18.229999542236328,1.25,0
18.229999542236328,1.25,0
18.239999771118164,1.2400000095367432,0
18.239999771118164,1.2400000095367432,0
18.81999969482422,1.2300000190734863,0
18.75,1.2400000095367432,0
18.920000076293945,1.25,0
17.65999984741211,1.2599999904632568,0
14.989999771118164,1.2799999713897705,0
13.6899995803833,1.2899999618530273,0
13.569999694824219,1.2899999618530273,0
13.569999694824219,1.2899999618530273,0
13.569999694824219,1.2899999618530273,0
16.059999465942383,1.2599999904632568,0
16.059999465942383,1.2599999904632568,0
16.059999465942383,1.2599999904632568,0
16.059999465942383,1.2599999904632568,0
16.059999465942383,1.2599999904632568,0
16.059999465942383,1.2599999904632568,0
16.059999465942383,1.2599999904632568,0
0,0,0
18.049999237060547,18.049999237060547,0
16.65999984741211,18.389999389648438,0
18.290000915527344,18.290000915527344,0
22.829999923706055,19.270000457763672,0
22.829999923706055,19.270000457763672,0
18.350000381469727,18.350000381469727,0
15.399999618530273,18.329999923706055,0
15.069999694824219,18.219999313354492,0
16.280000686645508,17.729999542236328,0
17.700000762939453,17.700000762939453,0
18.059999465942383,18.059999465942383,0
17.950000762939453,17.950000762939453,0
16.84000015258789,16.84000015258789,0
16.260000228881836,16.260000228881836,0
16.239999771118164,16.239999771118164,0
16.15999984741211,16.15999984741211,0
16.100000381469727,16.100000381469727,0
16.049999237060547,17.90999984741211,0
16.190000534057617,18.079999923706055,0
15.729999542236328,17.170000076293945,0
15.779999732971191,15.779999732971191,0
15.989999771118164,15.989999771118164,0
16.93000030517578,16.93000030517578,0
16.93000030517578,16.93000030517578,0
16.860000610351562,16.860000610351562,0
17.790000915527344,17.790000915527344,0
17.420000076293945,17.420000076293945,0
17.280000686645508,17.280000686645508,0
17.81999969482422,17.81999969482422,0
21.450000762939453,17.530000686645508,0
25.540000915527344,17.889999389648438,0
23.520000457763672,17.65999984741211,0
23.520000457763672,17.65999984741211,0
19.389999389648438,17.739999771118164,0
19.389999389648438,17.739999771118164,0
19.389999389648438,17.739999771118164,0
18.149999618530273,18.149999618530273,0
17.559999465942383,17.559999465942383,0
17.559999465942383,17.559999465942383,0
18.579999923706055,16.729999542236328,0
18.540000915527344,16.700000762939453,0
17.5,17.5,0
16.510000228881836,16.510000228881836,0
16.530000686645508,16.530000686645508,0
17.020000457763672,17.020000457763672,0
16.540000915527344,16.540000915527344,0
16.610000610351562,16.610000610351562,0
16.600000381469727,16.600000381469727,0
15.619999885559082,15.619999885559082,0
15.569999694824219,15.569999694824219,0
15.680000305175781,15.680000305175781,0
15.680000305175781,15.680000305175781,0
15.510000228881836,15.510000228881836,0
15.5,15.5,0
16.18000030517578,16.18000030517578,0
16.469999313354492,16.469999313354492,0
17.049999237060547,15.489999771118164,0
18.420000076293945,15.770000457763672,0
17.690000534057617,15.649999618530273,0
17.110000610351562,17.110000610351562,0
16.56999969482422,16.56999969482422,0
16.84000015258789,16.84000015258789,0
16.639999389648438,16.639999389648438,0
15.75,15.75,0
15.670000076293945,15.670000076293945,0
18.719999313354492,16.920000076293945,0
19.309999465942383,16.469999313354492,0
19.5,16.280000686645508,0
16.520000457763672,16.520000457763672,0
15.460000038146973,15.460000038146973,0
15.59000015258789,15.59000015258789,0
15.390000343322754,15.390000343322754,0
15.510000228881836,15.510000228881836,0
15.989999771118164,15.989999771118164,0
16.860000610351562,16.860000610351562,0
17.93000030517578,16.1299991607666,0
17.93000030517578,16.1299991607666,0
16.610000610351562,16.610000610351562,0
16.739999771118164,16.739999771118164,0
16.709999084472656,16.709999084472656,0
16.709999084472656,16.709999084472656,0
16.690000534057617,16.690000534057617,0
16.25,16.25,0
16.440000534057617,16.440000534057617,0
16.3799991607666,16.3799991607666,0
16.459999084472656,16.459999084472656,0
16.8700008392334,16.8700008392334,0
17.1200008392334,17.1200008392334,0
17.010000228881836,17.010000228881836,0
15.970000267028809,15.970000267028809,0
15.920000076293945,15.920000076293945,0
18.760000228881836,16.489999771118164,0
18.760000228881836,18.760000228881836,0
18.920000076293945,17.09000015258789,0
18.950000762939453,18.950000762939453,0
19.18000030517578,19.18000030517578,0
18.610000610351562,18.610000610351562,0
18.530000686645508,18.530000686645508,0
18.530000686645508,18.530000686645508,0
19.110000610351562,17.420000076293945,0
19.84000015258789,17.479999542236328,0
20.18000030517578,17.270000457763672,0
20.469999313354492,16.860000610351562,0
20.280000686645508,17.25,0
19.6299991607666,17.469999313354492,0
16.649999618530273,16.649999618530273,0
16.350000381469727,16.350000381469727,0
16.260000228881836,16.260000228881836,0
18.3700008392334,16.479999542236328,0
18.559999465942383,16.219999313354492,0
18.479999542236328,16.489999771118164,0
18.479999542236328,16.489999771118164,0
17.639999389648438,17.639999389648438,0
17.899999618530273,17.899999618530273,0
17.450000762939453,17.450000762939453,0
17.450000762939453,17.450000762939453,0
17.190000534057617,17.190000534057617,0
18.15999984741211,18.15999984741211,0
19.040000915527344,19.040000915527344,0
19.040000915527344,19.040000915527344,0
19.040000915527344,19.040000915527344,0
19.040000915527344,19.040000915527344,0
18.729999542236328,18.729999542236328,0
18.809999465942383,18.809999465942383,0
17.989999771118164,17.989999771118164,0
17.969999313354492,17.969999313354492,0
18.610000610351562,18.610000610351562,0
19.469999313354492,19.469999313354492,0
20.43000030517578,20.43000030517578,0
20.43000030517578,20.43000030517578,0
20.3799991607666,20.3799991607666,0
17.329999923706055,20.0,0
14.640000343322754,19.40999984741211,0
14.84000015258789,19.559999465942383,0
17.56999969482422,19.6200008392334,0
24.739999771118164,20.3799991607666,0
24.739999771118164,20.3799991607666,0
24.610000610351562,19.799999237060547,0
24.610000610351562,19.799999237060547,0
18.600000381469727,20.65999984741211,0
17.579999923706055,19.84000015258789,0
17.579999923706055,19.84000015258789,0
16.020000457763672,19.65999984741211,0
16.290000915527344,19.6299991607666,0
16.290000915527344,19.6299991607666,0
16.290000915527344,19.6299991607666,0
18.899999618530273,18.899999618530273,0
19.940000534057617,19.940000534057617,0
19.940000534057617,19.940000534057617,0
18.600000381469727,20.420000076293945,0
18.600000381469727,20.420000076293945,0
19.40999984741211,23.719999313354492,0
19.350000381469727,24.670000076293945,0
19.34000015258789,24.649999618530273,0
19.34000015258789,24.649999618530273,0
19.34000015258789,24.649999618530273,0
19.34000015258789,24.649999618530273,0
19.34000015258789,24.649999618530273,0
19.34000015258789,24.649999618530273,0
20.040000915527344,24.68000030517578,0
20.040000915527344,24.68000030517578,0
19.190000534057617,25.1299991607666,0
19.219999313354492,25.950000762939453,0
19.219999313354492,25.950000762939453,0
19.1200008392334,27.450000762939453,0
18.719999313354492,27.059999465942383,0
18.719999313354492,27.059999465942383,0
19.459999084472656,26.549999237060547,0
20.190000534057617,26.8799991607666,0
20.06999969482422,27.100000381469727,0
20.510000228881836,28.860000610351562,0
19.34000015258789,28.56999969482422,0
18.940000534057617,28.15999984741211,0
19.790000915527344,29.34000015258789,0
20.469999313354492,29.5,0
20.8799991607666,28.81999969482422,0
19.889999389648438,29.290000915527344,0
19.809999465942383,29.6200008392334,0
19.809999465942383,29.6200008392334,0
19.219999313354492,29.799999237060547,0
18.510000228881836,29.06999969482422,0
17.770000457763672,28.15999984741211,0
18.360000610351562,29.709999084472656,0
19.940000534057617,30.239999771118164,0
19.829999923706055,28.649999618530273,0
19.829999923706055,28.649999618530273,0
19.450000762939453,28.829999923706055,0
18.889999389648438,27.600000381469727,0
19.290000915527344,27.809999465942383,0
19.420000076293945,28.079999923706055,0
19.260000228881836,27.739999771118164,0
19.329999923706055,28.3799991607666,0
19.079999923706055,28.299999237060547,0
18.8799991607666,28.329999923706055,0
18.889999389648438,27.59000015258789,0
19.270000457763672,27.940000534057617,0
20.1200008392334,28.110000610351562,0
20.479999542236328,28.520000457763672,0
20.25,27.610000610351562,0
20.0,26.549999237060547,0
19.799999237060547,27.020000457763672,0
20.34000015258789,28.520000457763672,0
20.34000015258789,29.010000228881836,0
20.34000015258789,29.010000228881836,0
20.1299991607666,28.56999969482422,0
20.209999084472656,28.270000457763672,0
19.770000457763672,28.31999969482422,0
19.770000457763672,28.31999969482422,0
19.1299991607666,27.190000534057617,0
19.5,27.059999465942383,0
19.3700008392334,27.479999542236328,0
18.329999923706055,25.969999313354492,0
18.100000381469727,26.309999465942383,0
18.170000076293945,27.31999969482422,0
19.040000915527344,26.860000610351562,0
20.469999313354492,26.940000534057617,0
23.190000534057617,29.420000076293945,0
23.219999313354492,29.920000076293945,0
22.719999313354492,30.690000534057617,0
22.719999313354492,31.260000228881836,0
20.3700008392334,28.1299991607666,0
19.399999618530273,28.049999237060547,0
18.6299991607666,28.399999618530273,0
17.780000686645508,27.739999771118164,0
18.3700008392334,28.540000915527344,0
18.59000015258789,28.610000610351562,0
18.729999542236328,27.670000076293945,0
18.780000686645508,27.360000610351562,0
19.030000686645508,28.829999923706055,0
18.969999313354492,30.25,0
18.850000381469727,30.469999313354492,0
18.510000228881836,30.1200008392334,0
18.1299991607666,30.139999389648438,0
16.75,28.510000228881836,0
16.719999313354492,29.489999771118164,0
16.5,28.780000686645508,0
16.34000015258789,29.790000915527344,0
13.970000267028809,28.170000076293945,0
13.09000015258789,28.459999084472656,0
12.640000343322754,28.030000686645508,0
12.760000228881836,28.68000030517578,0
12.760000228881836,28.68000030517578,0
16.299999237060547,30.149999618530273,0
20.600000381469727,38.380001068115234,0
20.600000381469727,38.380001068115234,0
27.1299991607666,35.02000045776367,0
27.1299991607666,35.02000045776367,0
27.1299991607666,35.02000045776367,0
44.02000045776367,44.02000045776367,0
36.7599983215332,36.7599983215332,0
20.739999771118164,37.93000030517578,0
20.739999771118164,37.93000030517578,0
20.739999771118164,37.93000030517578,0
20.739999771118164,37.93000030517578,0
20.739999771118164,37.93000030517578,0
20.739999771118164,37.93000030517578,0
20.739999771118164,37.93000030517578,0
20.739999771118164,37.93000030517578,0
20.739999771118164,37.93000030517578,0
19.049999237060547,36.380001068115234,0
19.139999389648438,35.939998626708984,0
19.549999237060547,35.560001373291016,0
19.829999923706055,35.25,0
18.719999313354492,32.869998931884766,0
18.719999313354492,32.869998931884766,0
18.25,36.150001525878906,0
17.43000030517578,35.06999969482422,0
18.020000457763672,34.540000915527344,0
18.950000762939453,34.5,0
19.34000015258789,33.470001220703125,0
19.420000076293945,33.279998779296875,0
19.479999542236328,33.459999084472656,0
19.43000030517578,33.33000183105469,0
19.190000534057617,32.619998931884766,0
19.350000381469727,33.7400016784668,0
19.15999984741211,34.529998779296875,0
17.809999465942383,35.16999816894531,0
15.989999771118164,33.279998779296875,0
15.779999732971191,33.630001068115234,0
17.360000610351562,37.060001373291016,0
18.670000076293945,37.060001373291016,0
18.670000076293945,37.060001373291016,0
17.979999542236328,36.619998931884766,0
16.06999969482422,35.45000076293945,0
15.6899995803833,37.22999954223633,0
15.6899995803833,37.22999954223633,0
18.049999237060547,38.59000015258789,0
18.18000030517578,39.54999923706055,0
18.18000030517578,39.54999923706055,0
16.600000381469727,38.150001525878906,0
18.020000457763672,43.72999954223633,0
19.329999923706055,41.68000030517578,0
19.729999542236328,41.959999084472656,0
18.600000381469727,41.130001068115234,0
18.56999969482422,42.02000045776367,0
18.56999969482422,42.02000045776367,0
19.309999465942383,42.040000915527344,0
19.360000610351562,42.29999923706055,0
19.040000915527344,42.810001373291016,0
0,0,0
0,0,0
0,0,0
0,0,0
0,0,0
0,0,0
0,0,0
0,0,0
0,0,0
0,0,0
0,0,0
0,0,0
0,0,0
0,0,0
0,0,0
0,0,0
0,0,0
0,0,0
0,0,0
0,0,0
0,0,0
0,0,0
0,0,0
0,0,0
0,0,0
0,0,0
0,0,0
0,0,0
0,0,0
0,0,0
0,0,0
0,0,0
0,0,0
0,0,0
0,0,0
0,0,0
0,0,0
0,0,0
0,0,0
0,0,0
0,0,0
0,0,0
0,0,0
0,0,0
0,0,0
0,0,0
0,0,0
0,0,0
0,0,0
0,0,0
0,0,0
0,0,0
0,0,0
0,0,0
0,0,0
0,0,0
0,0,0
0,0,0
0,0,0
0,0,0
0,0,0
0,0,0
0,0,0
0,0,0
0,0,0
0,0,0
0,0,0
0,0,0
0,0,0
0,0,0
0,0,0
0,0,0
0,0,0
0,0,0
0,0,0
0,0,0
0,0,0
0,0,0
0,0,0
0,0,0
0,0,0
0,0,0
0,0,0
0,0,0
0,0,0
0,0,0
0,0,0
0,0,0
0,0,0
0,0,0
0,0,0
0,0,0
0,0,0
0,0,0
0,0,0
0,0,0
0,0,0
0,0,0
0,0,0
0,0,0
0,0,0
0,0,0
0,0,0
0,0,0
0,0,0
0,0,0
0,0,0
0,0,0
0,0,0
0,0,0
0,0,0
0,0,0
0,0,0
0,0,0
0,0,0
0,0,0
0,0,0
0,0,0
0,0,0
0,0,0
0,0,0
0,0,0
0,0,0
0,0,0
0,0,0
0,0,0
0,0,0
0,0,0
0,0,0
0,0,0
0,0,0
0,0,0
0,0,0
0,0,0
0,0,0
0,0,0
0,0,0
0,0,0
0,0,0
0,0,0
0,0,0
0,0,0
0,0,0
0,0,0
0,0,0
0,0,0
0,0,0
0,0,0
0,0,0
0,0,0
0,0,0
0,0,0
0,0,0
0,0,0
0,0,0
0,0,0
0,0,0
0,0,0
0,0,0
0,0,0
0,0,0
0,0,0
0,0,0
0,0,0
22.770000457763672,65.01000213623047,0
18.959999084472656,42.060001373291016,0
18.850000381469727,42.5,0
18.719999313354492,42.88999938964844,0
18.1200008392334,41.790000915527344,0
17.3799991607666,42.040000915527344,0
16.700000762939453,40.0,0
16.489999771118164,40.63999938964844,0
14.789999961853027,41.209999084472656,0
13.09000015258789,39.18000030517578,0
12.640000343322754,37.84000015258789,0
12.930000305175781,39.4900016784668,0
15.760000228881836,41.220001220703125,0
19.389999389648438,43.560001373291016,0
24.670000076293945,46.52000045776367,0
37.15999984741211,58.349998474121094,0
37.15999984741211,58.349998474121094,0
43.029998779296875,64.30000305175781,0
43.029998779296875,64.30000305175781,0
19.780000686645508,54.369998931884766,0
19.579999923706055,58.290000915527344,0
19.579999923706055,58.290000915527344,0
19.579999923706055,58.290000915527344,0
19.579999923706055,58.290000915527344,0
17.31999969482422,56.9900016784668,0
19.770000457763672,60.029998779296875,0
19.139999389648438,58.22999954223633,0
19.299999237060547,54.02000045776367,0
19.360000610351562,56.290000915527344,0
18.25,53.65999984741211,0
19.31999969482422,49.5,0
23.219999313354492,63.75,0
23.219999313354492,63.75,0
22.84000015258789,68.36000061035156,0
22.770000457763672,70.4800033569336,0
20.81999969482422,56.20000076293945,0
19.920000076293945,56.68000030517578,0
18.260000228881836,53.790000915527344,0
17.780000686645508,52.84000015258789,0
18.59000015258789,55.040000915527344,0
18.780000686645508,54.290000915527344,0
18.780000686645508,51.599998474121094,0
19.010000228881836,58.9900016784668,0
18.959999084472656,60.61000061035156,0
18.850000381469727,65.41999816894531,0
18.719999313354492,67.25,0
18.299999237060547,65.94999694824219,0
17.510000228881836,67.80999755859375,0
17.510000228881836,67.80999755859375,0
16.459999084472656,61.720001220703125,0
16.489999771118164,62.22999954223633,0
15.34000015258789,65.0999984741211,0
13.319999694824219,58.599998474121094,0
12.770000457763672,59.90999984741211,0
12.680000305175781,58.7400016784668,0
13.279999732971191,61.90999984741211,0
15.760000228881836,65.30999755859375,0
24.670000076293945,65.30999755859375,0
24.670000076293945,65.30999755859375,0
24.670000076293945,65.30999755859375,0
44.66999816894531,155.38999938964844,0
36.7599983215332,170.2899932861328,0
22.280000686645508,118.69999694824219,0
22.280000686645508,118.69999694824219,0
22.280000686645508,118.69999694824219,0
22.280000686645508,118.69999694824219,0
22.280000686645508,118.69999694824219,0
17.579999923706055,110.37999725341797,0
18.510000228881836,93.36000061035156,0
19.219999313354492,96.06999969482422,0
19.3700008392334,106.2699966430664,0
18.329999923706055,88.58000183105469,0
18.170000076293945,83.5199966430664,0
22.18000030517578,158.8800048828125,0
22.18000030517578,158.8800048828125,0
22.719999313354492,114.66999816894531,0
22.290000915527344,119.05000305175781,0
22.290000915527344,119.05000305175781,0
19.399999618530273,99.05000305175781,0
18.030000686645508,95.19000244140625,0
18.030000686645508,95.19000244140625,0
18.59000015258789,93.7699966430664,0
18.809999465942383,91.02999877929688,0
18.969999313354492,90.01000213623047,0
18.889999389648438,88.08000183105469,0
18.889999389648438,104.52999877929688,0
18.510000228881836,104.98999786376953,0
18.299999237060547,103.52999877929688,0
17.59000015258789,98.27999877929688,0
16.649999618530273,89.33999633789062,0
16.5,94.43000030517578,0
16.559999465942383,102.27999877929688,0
14.789999961853027,102.19000244140625,0
13.09000015258789,85.95999908447266,0
12.640000343322754,81.77999877929688,0
12.930000305175781,87.29000091552734,0
12.930000305175781,87.29000091552734,0
16.649999618530273,97.77999877929688,0
20.09000015258789,133.9499969482422,0
20.09000015258789,133.9499969482422,0
27.1299991607666,133.9499969482422,0
39.79999923706055,133.9499969482422,0
39.79999923706055,133.9499969482422,0
40.189998626708984,133.9499969482422,0
40.189998626708984,133.9499969482422,0
19.579999923706055,133.9499969482422,0
19.579999923706055,133.9499969482422,0
19.579999923706055,133.9499969482422,0
19.579999923706055,133.9499969482422,0
19.579999923706055,133.9499969482422,0
17.360000610351562,299.0400085449219,0
19.31999969482422,299.0400085449219,0
18.510000228881836,220.00999450683594,0
19.5,262.7300109863281,0
19.3700008392334,278.3800048828125,0
19.190000534057617,278.3800048828125,0
18.25,194.91000366210938,0
19.040000915527344,159.7100067138672,0
22.850000381469727,159.7100067138672,0
23.219999313354492,159.7100067138672,0
22.829999923706055,159.7100067138672,0
22.600000381469727,159.7100067138672,0
22.290000915527344,159.7100067138672,0
20.81999969482422,159.7100067138672,0
18.770000457763672,159.7100067138672,0
17.93000030517578,179.8800048828125,0
18.3700008392334,179.8800048828125,0
18.780000686645508,179.8800048828125,0
18.809999465942383,174.22000122070312,0
18.889999389648438,163.05999755859375,0
18.989999771118164,163.05999755859375,0
18.850000381469727,163.05999755859375,0
18.299999237060547,163.05999755859375,0
17.690000534057617,163.05999755859375,0
16.75,162.82000732421875,0
16.700000762939453,174.13999938964844,0
16.489999771118164,174.13999938964844,0
16.559999465942383,174.13999938964844,0
12.770000457763672,159.22999572753906,0
12.760000228881836,157.9199981689453,0
16.649999618530273,0,0
18.579999923706055,18.579999923706055,0
27.1299991607666,17.8799991607666,0
36.84000015258789,18.0,0
44.880001068115234,18.969999313354492,0
20.739999771118164,15.399999618530273,0
20.739999771118164,15.399999618530273,0
20.739999771118164,15.399999618530273,0
20.739999771118164,15.399999618530273,0
20.739999771118164,15.399999618530273,0
20.739999771118164,15.399999618530273,0
19.770000457763672,19.770000457763672,0
19.1299991607666,19.1299991607666,0
19.360000610351562,19.360000610351562,0
18.100000381469727,18.100000381469727,0
18.100000381469727,18.100000381469727,0
23.190000534057617,23.190000534057617,0
23.190000534057617,23.190000534057617,0
23.350000381469727,19.649999618530273,0
23.350000381469727,19.649999618530273,0
22.719999313354492,19.899999618530273,0
20.81999969482422,18.850000381469727,0
19.399999618530273,19.399999618530273,0
18.6299991607666,18.6299991607666,0
17.780000686645508,17.780000686645508,0
18.59000015258789,18.59000015258789,0
18.90999984741211,18.90999984741211,0
18.920000076293945,18.920000076293945,0
18.969999313354492,18.969999313354492,0
18.969999313354492,18.969999313354492,0
18.969999313354492,18.969999313354492,0
18.809999465942383,18.809999465942383,0
18.809999465942383,18.809999465942383,0
18.1299991607666,18.1299991607666,0
16.75,19.0,0
16.75,19.0,0
16.459999084472656,19.260000228881836,0
16.489999771118164,19.309999465942383,0
14.789999961853027,19.479999542236328,0
12.770000457763672,19.049999237060547,0
13.279999732971191,19.3799991607666,0
15.130000114440918,19.469999313354492,0
15.130000114440918,19.469999313354492,0
19.389999389648438,19.389999389648438,0
19.389999389648438,19.389999389648438,0
19.389999389648438,19.389999389648438,0
44.02000045776367,22.469999313354492,0
43.029998779296875,23.0,0
43.029998779296875,23.0,0
19.780000686645508,19.780000686645508,0
19.780000686645508,19.780000686645508,0
19.780000686645508,19.780000686645508,0
19.780000686645508,19.780000686645508,0
19.780000686645508,19.780000686645508,0
19.780000686645508,19.780000686645508,0
19.1299991607666,21.600000381469727,0
19.360000610351562,21.979999542236328,0
19.219999313354492,21.31999969482422,0
19.3700008392334,21.790000915527344,0
18.18000030517578,21.3799991607666,0
18.170000076293945,22.0,0
18.799999237060547,22.270000457763672,0
18.799999237060547,22.270000457763672,0
22.850000381469727,22.850000381469727,0
22.8700008392334,22.8700008392334,0
23.350000381469727,23.350000381469727,0
22.719999313354492,22.719999313354492,0
22.290000915527344,22.290000915527344,0
19.920000076293945,22.889999389648438,0
19.010000228881836,22.56999969482422,0
18.030000686645508,22.520000457763672,0
17.969999313354492,22.149999618530273,0
18.90999984741211,22.520000457763672,0
18.81999969482422,22.399999618530273,0
18.780000686645508,21.940000534057617,0
19.010000228881836,22.989999771118164,0
18.969999313354492,23.5,0
18.850000381469727,23.639999389648438,0
18.299999237060547,23.40999984741211,0
18.1299991607666,23.450000762939453,0
16.649999618530273,22.3799991607666,0
16.5,22.700000762939453,0
16.489999771118164,22.399999618530273,0
15.34000015258789,22.90999984741211,0
13.970000267028809,22.059999465942383,0
13.970000267028809,22.059999465942383,0
12.630000114440918,22.040000915527344,0
12.630000114440918,22.040000915527344,0
12.630000114440918,22.040000915527344,0
12.630000114440918,22.040000915527344,0
18.90999984741211,23.399999618530273,0
20.600000381469727,23.790000915527344,0
20.600000381469727,23.790000915527344,0
20.600000381469727,23.790000915527344,0
36.84000015258789,25.670000076293945,0
44.880001068115234,27.469999313354492,0
44.880001068115234,27.469999313354492,0
19.780000686645508,26.549999237060547,0
19.780000686645508,26.549999237060547,0
19.780000686645508,26.549999237060547,0
19.780000686645508,26.549999237060547,0
19.780000686645508,26.549999237060547,0
19.780000686645508,26.549999237060547,0
19.31999969482422,25.899999618530273,0
19.219999313354492,25.15999984741211,0
19.299999237060547,24.90999984741211,0
19.360000610351562,25.389999389648438,0
18.100000381469727,24.270000457763672,0
18.799999237060547,24.229999542236328,0
20.469999313354492,23.959999084472656,0
23.190000534057617,23.190000534057617,0
23.350000381469727,28.15999984741211,0
22.719999313354492,27.719999313354492,0
22.290000915527344,27.979999542236328,0
20.3700008392334,25.950000762939453,0
19.010000228881836,25.969999313354492,0
18.030000686645508,25.770000457763672,0
17.969999313354492,25.489999771118164,0
18.59000015258789,25.579999923706055,0
18.81999969482422,25.3700008392334,0
18.920000076293945,25.18000030517578,0
19.030000686645508,25.75,0
19.030000686645508,25.75,0
18.889999389648438,26.729999542236328,0
18.719999313354492,26.770000457763672,0
18.1299991607666,26.809999465942383,0
17.690000534057617,26.670000076293945,0
17.690000534057617,26.670000076293945,0
16.549999237060547,25.559999465942383,0
16.489999771118164,25.799999237060547,0
14.789999961853027,26.219999313354492,0
13.319999694824219,25.0,0
12.640000343322754,25.200000762939453,0
12.680000305175781,25.3799991607666,0
12.680000305175781,25.3799991607666,0
16.299999237060547,26.34000015258789,0
18.90999984741211,27.030000686645508,0
18.90999984741211,27.030000686645508,0
24.670000076293945,28.790000915527344,0
24.670000076293945,28.790000915527344,0
44.02000045776367,32.97999954223633,0
43.029998779296875,34.47999954223633,0
36.7599983215332,36.7599983215332,0
36.7599983215332,36.7599983215332,0
20.739999771118164,32.130001068115234,0
20.739999771118164,32.130001068115234,0
20.739999771118164,32.130001068115234,0
20.739999771118164,32.130001068115234,0
20.739999771118164,32.130001068115234,0
17.31999969482422,31.6299991607666,0
19.1299991607666,31.239999771118164,0
19.1299991607666,31.239999771118164,0
19.1299991607666,31.239999771118164,0
19.540000915527344,31.489999771118164,0
19.360000610351562,31.600000381469727,0
18.100000381469727,29.829999923706055,0
18.799999237060547,29.6200008392334,0
22.18000030517578,31.739999771118164,0
23.190000534057617,32.18000030517578,0
23.290000915527344,35.06999969482422,0
22.719999313354492,35.220001220703125,0
22.719999313354492,35.220001220703125,0
20.81999969482422,31.3799991607666,0
19.920000076293945,31.549999237060547,0
18.6299991607666,31.360000610351562,0
18.6299991607666,31.360000610351562,0
18.1299991607666,29.959999084472656,0
18.75,30.219999313354492,0
18.920000076293945,29.90999984741211,0
18.809999465942383,29.639999389648438,0
19.010000228881836,31.860000610351562,0
18.969999313354492,32.599998474121094,0
18.850000381469727,32.84000015258789,0
18.510000228881836,33.04999923706055,0
17.969999313354492,32.560001373291016,0
16.75,30.829999923706055,0
16.75,30.829999923706055,0
16.459999084472656,31.510000228881836,0
16.559999465942383,32.47999954223633,0
13.970000267028809,30.860000610351562,0
13.09000015258789,31.09000015258789,0
12.640000343322754,30.56999969482422,0
13.279999732971191,31.989999771118164,0
13.279999732971191,31.989999771118164,0
18.1299991607666,34.15999984741211,0
20.09000015258789,34.63999938964844,0
24.670000076293945,36.36000061035156,0
37.15999984741211,37.15999984741211,0
44.02000045776367,44.02000045776367,0
43.029998779296875,43.029998779296875,0
43.029998779296875,43.029998779296875,0
20.739999771118164,40.70000076293945,0
19.579999923706055,42.310001373291016,0
19.579999923706055,42.310001373291016,0
19.579999923706055,42.310001373291016,0
19.579999923706055,42.310001373291016,0
17.31999969482422,42.2599983215332,0
19.1299991607666,41.790000915527344,0
19.360000610351562,42.900001525878906,0
19.5,41.90999984741211,0
19.360000610351562,42.279998779296875,0
18.100000381469727,39.130001068115234,0
18.170000076293945,41.40999984741211,0
19.31999969482422,39.790000915527344,0
19.31999969482422,39.790000915527344,0
23.190000534057617,47.36000061035156,0
23.290000915527344,53.91999816894531,0
22.600000381469727,53.5099983215332,0
22.290000915527344,51.79999923706055,0
20.3700008392334,45.77000045776367,0
19.010000228881836,44.93000030517578,0
17.93000030517578,43.90999984741211,0
17.969999313354492,43.43000030517578,0
18.65999984741211,44.11000061035156,0
18.809999465942383,42.34000015258789,0
18.780000686645508,42.16999816894531,0
18.989999771118164,44.40999984741211,0
18.889999389648438,45.439998626708984,0
18.850000381469727,45.18000030517578,0
18.809999465942383,46.20000076293945,0
18.299999237060547,45.470001220703125,0
17.690000534057617,45.90999984741211,0
16.75,42.939998626708984,0
16.75,42.939998626708984,0
16.559999465942383,44.95000076293945,0
15.34000015258789,44.75,0
13.729999542236328,41.86000061035156,0
12.869999885559082,41.9900016784668,0
12.630000114440918,41.279998779296875,0
13.630000114440918,42.560001373291016,0
16.649999618530273,44.459999084472656,0
18.90999984741211,48.13999938964844,0
18.90999984741211,48.13999938964844,0
18.90999984741211,48.13999938964844,0
36.84000015258789,61.04999923706055,0
44.66999816894531,74.19999694824219,0
43.029998779296875,78.0,0
36.7599983215332,82.04000091552734,0
36.7599983215332,82.04000091552734,0
19.579999923706055,72.13999938964844,0
19.579999923706055,72.13999938964844,0
19.579999923706055,72.13999938964844,0
19.579999923706055,72.13999938964844,0
19.579999923706055,72.13999938964844,0
17.31999969482422,64.76000213623047,0
19.31999969482422,65.94999694824219,0
19.360000610351562,69.12000274658203,0
19.540000915527344,67.11000061035156,0
19.299999237060547,64.25,0
18.100000381469727,54.0,0
18.799999237060547,54.45000076293945,0
20.139999389648438,53.63999938964844,0
22.8700008392334,61.099998474121094,0
23.219999313354492,71.93000030517578,0
22.84000015258789,74.41000366210938,0
22.770000457763672,76.91000366210938,0
20.81999969482422,60.209999084472656,0
19.920000076293945,60.75,0
19.920000076293945,60.75,0
17.93000030517578,57.86000061035156,0
18.1299991607666,58.060001373291016,0
18.65999984741211,60.91999816894531,0
18.81999969482422,60.5099983215332,0
18.809999465942383,60.41999816894531,0
18.889999389648438,59.790000915527344,0
18.959999084472656,67.88999938964844,0
18.969999313354492,70.83999633789062,0
18.850000381469727,71.93000030517578,0
18.299999237060547,69.83999633789062,0
17.690000534057617,70.80999755859375,0
16.649999618530273,62.290000915527344,0
16.549999237060547,65.5,0
16.459999084472656,64.0,0
16.459999084472656,64.0,0
13.729999542236328,60.869998931884766,0
12.869999885559082,60.970001220703125,0
12.630000114440918,59.43000030517578,0
12.930000305175781,62.540000915527344,0
15.130000114440918,67.54000091552734,0
18.1299991607666,76.44000244140625,0
20.09000015258789,81.44000244140625,0
27.1299991607666,100.41000366210938,0
37.15999984741211,156.10000610351562,0
44.880001068115234,174.64999389648438,0
44.880001068115234,174.64999389648438,0
44.880001068115234,174.64999389648438,0
19.579999923706055,137.47000122070312,0
19.579999923706055,137.47000122070312,0
19.579999923706055,137.47000122070312,0
19.579999923706055,137.47000122070312,0
19.579999923706055,137.47000122070312,0
19.1299991607666,255.88999938964844,0
19.1299991607666,255.88999938964844,0
19.540000915527344,135.44000244140625,0
19.3700008392334,19.3700008392334,0
18.06999969482422,18.06999969482422,0
18.530000686645508,18.530000686645508,0
20.469999313354492,18.360000610351562,0
23.260000228881836,19.450000762939453,0
23.290000915527344,19.700000762939453,0
22.829999923706055,19.610000610351562,0
22.719999313354492,19.65999984741211,0
20.3700008392334,18.360000610351562,0
19.010000228881836,19.010000228881836,0
18.3700008392334,18.3700008392334,0
18.3700008392334,18.3700008392334,0
18.780000686645508,18.780000686645508,0
18.81999969482422,18.81999969482422,0
18.969999313354492,18.969999313354492,0
18.989999771118164,18.989999771118164,0
18.989999771118164,18.989999771118164,0
18.850000381469727,18.850000381469727,0
18.510000228881836,18.510000228881836,0
18.1299991607666,18.1299991607666,0
17.690000534057617,17.690000534057617,0
16.649999618530273,18.280000686645508,0
16.549999237060547,18.6299991607666,0
16.559999465942383,19.059999465942383,0
14.789999961853027,19.1200008392334,0
12.770000457763672,18.690000534057617,0
12.680000305175781,18.56999969482422,0
13.279999732971191,18.829999923706055,0
15.760000228881836,18.940000534057617,0
15.760000228881836,18.940000534057617,0
18.579999923706055,18.579999923706055,0
18.579999923706055,18.579999923706055,0
37.15999984741211,21.799999237060547,0
44.66999816894531,22.040000915527344,0
44.66999816894531,22.040000915527344,0
44.66999816894531,22.040000915527344,0
44.66999816894531,22.040000915527344,0
44.66999816894531,22.040000915527344,0
44.66999816894531,22.040000915527344,0
44.66999816894531,22.040000915527344,0
44.66999816894531,22.040000915527344,0
17.31999969482422,21.959999084472656,0
19.31999969482422,22.079999923706055,0
18.510000228881836,21.56999969482422,0
18.510000228881836,21.56999969482422,0
19.299999237060547,21.540000915527344,0
18.100000381469727,20.280000686645508,0
18.25,21.049999237060547,0
19.040000915527344,19.040000915527344,0
22.18000030517578,22.18000030517578,0
23.219999313354492,23.219999313354492,0
23.350000381469727,23.350000381469727,0
22.719999313354492,22.719999313354492,0
22.719999313354492,22.719999313354492,0
19.920000076293945,19.920000076293945,0
18.770000457763672,21.030000686645508,0
18.030000686645508,21.040000915527344,0
17.969999313354492,20.829999923706055,0
18.65999984741211,20.90999984741211,0
18.65999984741211,20.90999984741211,0
18.780000686645508,18.780000686645508,0
18.780000686645508,18.780000686645508,0
18.959999084472656,21.389999389648438,0
18.850000381469727,21.59000015258789,0
18.510000228881836,21.420000076293945,0
18.1200008392334,21.40999984741211,0
18.1200008392334,21.40999984741211,0
16.75,20.65999984741211,0
16.719999313354492,21.1299991607666,0
16.559999465942383,21.389999389648438,0
15.34000015258789,21.31999969482422,0
13.319999694824219,20.799999237060547,0
12.770000457763672,21.030000686645508,0
12.680000305175781,20.8799991607666,0
12.680000305175781,20.8799991607666,0
15.760000228881836,21.56999969482422,0
18.1299991607666,22.219999313354492,0
20.600000381469727,20.600000381469727,0
20.600000381469727,20.600000381469727,0
36.84000015258789,24.1299991607666,0
44.66999816894531,25.43000030517578,0
40.189998626708984,25.90999984741211,0
40.189998626708984,25.90999984741211,0
19.780000686645508,24.420000076293945,0
19.780000686645508,24.420000076293945,0
19.780000686645508,24.420000076293945,0
19.780000686645508,24.420000076293945,0
17.200000762939453,24.280000686645508,0
17.360000610351562,24.059999465942383,0
18.510000228881836,23.280000686645508,0
19.219999313354492,19.219999313354492,0
19.219999313354492,19.219999313354492,0
19.190000534057617,19.190000534057617,0
18.170000076293945,18.170000076293945,0
20.139999389648438,20.139999389648438,0
22.18000030517578,19.34000015258789,0
23.290000915527344,19.950000762939453,0
22.84000015258789,19.860000610351562,0
22.770000457763672,19.799999237060547,0
20.81999969482422,18.729999542236328,0
19.399999618530273,19.399999618530273,0
18.260000228881836,18.260000228881836,0
18.1299991607666,18.1299991607666,0
18.59000015258789,18.59000015258789,0
18.809999465942383,18.809999465942383,0
18.920000076293945,18.920000076293945,0
18.889999389648438,18.889999389648438,0
18.989999771118164,18.989999771118164,0
18.90999984741211,18.90999984741211,0
18.719999313354492,18.719999313354492,0
18.719999313354492,18.719999313354492,0
17.969999313354492,17.969999313354492,0
17.969999313354492,17.969999313354492,0
16.700000762939453,16.700000762939453,0
16.459999084472656,16.459999084472656,0
16.459999084472656,16.459999084472656,0
16.34000015258789,18.030000686645508,0
13.970000267028809,17.5,0
12.869999885559082,17.559999465942383,0
12.680000305175781,17.559999465942383,0
12.680000305175781,17.559999465942383,0
12.680000305175781,17.559999465942383,0
18.1299991607666,18.1299991607666,0
19.389999389648438,19.389999389648438,0
20.09000015258789,20.09000015258789,0
24.670000076293945,19.139999389648438,0
37.15999984741211,20.700000762939453,0
43.90999984741211,21.010000228881836,0
36.7599983215332,21.389999389648438,0
36.7599983215332,21.389999389648438,0
36.7599983215332,21.389999389648438,0
36.7599983215332,21.389999389648438,0
36.7599983215332,21.389999389648438,0
36.7599983215332,21.389999389648438,0
17.200000762939453,20.829999923706055,0
17.360000610351562,20.700000762939453,0
19.31999969482422,19.31999969482422,0
19.360000610351562,21.489999771118164,0
19.219999313354492,19.219999313354492,0
19.219999313354492,19.219999313354492,0
18.329999923706055,20.239999771118164,0
18.06999969482422,20.479999542236328,0
18.799999237060547,18.799999237060547,0
20.139999389648438,20.139999389648438,0
23.190000534057617,23.190000534057617,0
22.84000015258789,22.84000015258789,0
22.600000381469727,22.600000381469727,0
20.81999969482422,20.81999969482422,0
20.219999313354492,20.219999313354492,0
18.510000228881836,18.510000228881836,0
19.219999313354492,19.219999313354492,0
19.299999237060547,19.299999237060547,0
18.170000076293945,18.170000076293945,0
18.170000076293945,18.170000076293945,0
19.31999969482422,19.31999969482422,0
23.190000534057617,19.420000076293945,0
23.290000915527344,20.43000030517578,0
22.829999923706055,20.329999923706055,0
22.829999923706055,20.329999923706055,0
21.010000228881836,19.09000015258789,0
21.010000228881836,19.09000015258789,0
19.399999618530273,19.399999618530273,0
18.260000228881836,18.260000228881836,0
17.920000076293945,17.920000076293945,0
18.3700008392334,18.3700008392334,0
18.81999969482422,18.81999969482422,0
18.729999542236328,18.729999542236328,0
18.889999389648438,18.889999389648438,0
19.030000686645508,19.030000686645508,0
18.969999313354492,18.969999313354492,0
18.850000381469727,18.850000381469727,0
18.299999237060547,18.299999237060547,0
17.59000015258789,19.43000030517578,0
16.700000762939453,19.25,0
16.719999313354492,19.280000686645508,0
16.489999771118164,19.170000076293945,0
14.789999961853027,19.34000015258789,0
13.09000015258789,18.84000015258789,0
12.630000114440918,18.93000030517578,0
12.930000305175781,19.139999389648438,0
15.760000228881836,19.3799991607666,0
18.1299991607666,19.989999771118164,0
20.09000015258789,20.09000015258789,0
20.09000015258789,20.09000015258789,0
20.09000015258789,20.09000015258789,0
20.09000015258789,20.09000015258789,0
44.880001068115234,22.850000381469727,0
40.189998626708984,22.969999313354492,0
40.189998626708984,22.969999313354492,0
19.780000686645508,22.020000457763672,0
19.780000686645508,22.020000457763672,0
19.780000686645508,22.020000457763672,0
19.780000686645508,22.020000457763672,0
19.780000686645508,22.020000457763672,0
19.780000686645508,22.020000457763672,0
19.1299991607666,25.15999984741211,0
19.1299991607666,25.15999984741211,0
19.219999313354492,21.809999465942383,0
19.299999237060547,21.690000534057617,0
19.360000610351562,22.1200008392334,0
18.329999923706055,21.049999237060547,0
18.170000076293945,22.100000381469727,0
19.31999969482422,22.100000381469727,0
23.190000534057617,23.190000534057617,0
23.219999313354492,23.219999313354492,0
22.950000762939453,22.950000762939453,0
22.719999313354492,22.719999313354492,0
20.219999313354492,20.219999313354492,0
19.010000228881836,21.350000381469727,0
17.969999313354492,21.3700008392334,0
17.969999313354492,21.3700008392334,0
18.90999984741211,21.31999969482422,0
18.729999542236328,20.81999969482422,0
18.729999542236328,20.81999969482422,0
18.780000686645508,21.049999237060547,0
18.959999084472656,22.190000534057617,0
18.889999389648438,22.110000610351562,0
18.809999465942383,22.579999923706055,0
18.299999237060547,22.34000015258789,0
17.969999313354492,22.43000030517578,0
17.510000228881836,22.399999618530273,0
16.549999237060547,21.649999618530273,0
16.489999771118164,21.829999923706055,0
14.789999961853027,22.100000381469727,0
13.09000015258789,21.489999771118164,0
12.640000343322754,21.270000457763672,0
12.760000228881836,21.6299991607666,0
13.630000114440918,21.860000610351562,0
16.649999618530273,22.100000381469727,0
19.389999389648438,23.219999313354492,0
19.389999389648438,23.219999313354492,0
19.389999389648438,23.219999313354492,0
37.15999984741211,26.389999389648438,0
44.66999816894531,26.770000457763672,0
43.029998779296875,27.510000228881836,0
36.7599983215332,27.989999771118164,0
22.280000686645508,26.6299991607666,0
19.579999923706055,26.780000686645508,0
19.579999923706055,26.780000686645508,0
19.579999923706055,26.780000686645508,0
19.579999923706055,26.780000686645508,0
17.200000762939453,25.149999618530273,0
17.200000762939453,25.149999618530273,0
17.360000610351562,25.90999984741211,0
19.1299991607666,25.940000534057617,0
19.219999313354492,26.530000686645508,0
19.219999313354492,26.530000686645508,0
19.219999313354492,26.530000686645508,0
19.3700008392334,26.200000762939453,0
18.06999969482422,24.940000534057617,0
18.170000076293945,25.510000228881836,0
19.31999969482422,24.760000228881836,0
22.18000030517578,27.170000076293945,0
23.260000228881836,27.59000015258789,0
23.260000228881836,27.59000015258789,0
22.950000762939453,28.520000457763672,0
22.950000762939453,28.520000457763672,0
20.81999969482422,26.040000915527344,0
20.81999969482422,26.040000915527344,0
18.260000228881836,26.09000015258789,0
17.920000076293945,26.190000534057617,0
18.3700008392334,26.31999969482422,0
18.780000686645508,26.479999542236328,0
18.780000686645508,26.479999542236328,0
18.780000686645508,25.920000076293945,0
18.989999771118164,26.75,0
18.889999389648438,27.43000030517578,0
18.850000381469727,27.760000228881836,0
18.719999313354492,27.940000534057617,0
18.1299991607666,27.959999084472656,0
17.510000228881836,27.520000457763672,0
16.649999618530273,26.190000534057617,0
16.549999237060547,26.770000457763672,0
16.549999237060547,26.770000457763672,0
14.789999961853027,27.489999771118164,0
13.09000015258789,26.3799991607666,0
12.640000343322754,25.950000762939453,0
12.760000228881836,26.510000228881836,0
13.279999732971191,27.440000534057617,0
13.279999732971191,27.440000534057617,0
13.279999732971191,27.440000534057617,0
20.600000381469727,29.06999969482422,0
20.600000381469727,29.06999969482422,0
20.600000381469727,29.06999969482422,0
36.84000015258789,36.84000015258789,0
44.880001068115234,35.189998626708984,0
40.189998626708984,40.189998626708984,0
40.189998626708984,40.189998626708984,0
19.579999923706055,34.16999816894531,0
19.579999923706055,34.16999816894531,0
19.579999923706055,34.16999816894531,0
19.579999923706055,34.16999816894531,0
19.579999923706055,34.16999816894531,0
19.579999923706055,34.16999816894531,0
17.200000762939453,33.040000915527344,0
17.579999923706055,32.900001525878906,0
18.350000381469727,31.920000076293945,0
19.139999389648438,31.6299991607666,0
19.139999389648438,31.6299991607666,0
19.770000457763672,31.18000030517578,0
19.6299991607666,31.399999618530273,0
19.110000610351562,31.190000534057617,0
17.940000534057617,32.22999954223633,0
17.84000015258789,32.529998779296875,0
19.059999465942383,34.900001525878906,0
19.059999465942383,34.900001525878906,0
19.31999969482422,30.059999465942383,0
19.389999389648438,30.229999542236328,0
19.43000030517578,30.329999923706055,0
19.389999389648438,30.56999969482422,0
19.350000381469727,31.030000686645508,0
17.809999465942383,31.799999237060547,0
15.989999771118164,30.34000015258789,0
15.989999771118164,30.34000015258789,0
17.389999389648438,33.11000061035156,0
18.989999771118164,32.40999984741211,0
18.989999771118164,32.40999984741211,0
18.989999771118164,32.40999984741211,0
15.829999923706055,30.239999771118164,0
16.309999465942383,29.65999984741211,0
17.920000076293945,30.079999923706055,0
18.450000762939453,31.6299991607666,0
18.31999969482422,35.209999084472656,0
16.6299991607666,32.470001220703125,0
16.959999084472656,32.16999816894531,0
19.079999923706055,35.38999938964844,0
19.329999923706055,34.36000061035156,0
18.600000381469727,34.0,0
18.459999084472656,34.91999816894531,0
19.25,34.83000183105469,0
19.360000610351562,34.86000061035156,0
19.110000610351562,35.47999954223633,0
17.719999313354492,32.08000183105469,0
18.06999969482422,35.0,0
18.729999542236328,35.70000076293945,0
19.18000030517578,35.29999923706055,0
19.350000381469727,36.70000076293945,0
19.18000030517578,36.84000015258789,0
18.329999923706055,39.97999954223633,0
18.110000610351562,39.86000061035156,0
18.760000228881836,45.58000183105469,0
19.389999389648438,49.619998931884766,0
19.510000228881836,49.2599983215332,0
19.170000076293945,58.540000915527344,0
17.459999084472656,56.68000030517578,0
16.780000686645508,53.0099983215332,0
17.299999237060547,53.209999084472656,0
18.06999969482422,55.119998931884766,0
18.600000381469727,60.459999084472656,0
16.979999542236328,51.29999923706055,0
15.90999984741211,46.189998626708984,0
17.010000228881836,54.95000076293945,0
18.18000030517578,58.54999923706055,0
18.459999084472656,61.630001068115234,0
17.079999923706055,56.25,0
16.360000610351562,58.369998931884766,0
16.3799991607666,60.709999084472656,0
15.8100004196167,58.7599983215332,0
15.8100004196167,58.7599983215332,0
16.079999923706055,65.19999694824219,0
17.040000915527344,75.54000091552734,0
18.489999771118164,82.23999786376953,0
17.950000762939453,78.80999755859375,0
17.950000762939453,78.80999755859375,0
17.040000915527344,116.45999908447266,0
23.670000076293945,114.87999725341797,0
18.06999969482422,121.68000030517578,0
17.899999618530273,145.8800048828125,0
18.770000457763672,145.8800048828125,0
19.56999969482422,145.8800048828125,0
19.209999084472656,145.8800048828125,0
18.0,310.1600036621094,0
19.81999969482422,310.1600036621094,0
20.1299991607666,310.1600036621094,0
19.100000381469727,310.1600036621094,0
17.959999084472656,205.3699951171875,0
18.889999389648438,1217.6600341796875,0
19.25,2405.179931640625,0
19.25,2405.179931640625,0
18.600000381469727,831.5700073242188,0
18.59000015258789,558.1799926757812,0
18.59000015258789,558.1799926757812,0
18.670000076293945,229.0800018310547,0
18.59000015258789,108.27999877929688,0
18.260000228881836,106.55999755859375,0
19.290000915527344,60.66999816894531,0
18.860000610351562,69.45999908447266,0
18.860000610351562,69.45999908447266,0
20.93000030517578,69.83000183105469,0
20.93000030517578,69.83000183105469,0
20.93000030517578,69.83000183105469,0
20.270000457763672,84.79000091552734,0
19.170000076293945,102.16999816894531,0
20.260000228881836,68.91999816894531,0
20.260000228881836,68.91999816894531,0
19.639999389648438,59.810001373291016,0
21.270000457763672,55.0,0
21.270000457763672,55.0,0
21.270000457763672,55.0,0
20.940000534057617,58.20000076293945,0
19.3799991607666,59.439998626708984,0
17.969999313354492,60.11000061035156,0
17.969999313354492,55.97999954223633,0
18.40999984741211,61.380001068115234,0
18.229999542236328,66.86000061035156,0
18.889999389648438,70.20999908447266,0
18.889999389648438,70.20999908447266,0
21.760000228881836,57.02000045776367,0
19.290000915527344,70.27999877929688,0
18.639999389648438,65.58999633789062,0
18.049999237060547,63.58000183105469,0
17.950000762939453,58.369998931884766,0
17.950000762939453,58.369998931884766,0
17.950000762939453,58.369998931884766,0
17.950000762939453,58.369998931884766,0
16.280000686645508,81.94000244140625,0
16.68000030517578,91.62999725341797,0
17.780000686645508,84.30999755859375,0
17.309999465942383,112.69000244140625,0
17.579999923706055,85.16000366210938,0
18.65999984741211,61.68000030517578,0
17.3700008392334,66.0999984741211,0
17.309999465942383,60.0,0
17.280000686645508,65.12999725341797,0
17.06999969482422,50.310001373291016,0
17.309999465942383,49.540000915527344,0
17.90999984741211,36.31999969482422,0
18.760000228881836,26.350000381469727,0
18.90999984741211,24.530000686645508,0
18.579999923706055,25.170000076293945,0
18.579999923706055,25.170000076293945,0
20.399999618530273,22.540000915527344,0
20.15999984741211,22.56999969482422,0
19.809999465942383,22.09000015258789,0
19.690000534057617,21.989999771118164,0
19.690000534057617,21.719999313354492,0
19.649999618530273,21.3700008392334,0
18.489999771118164,21.440000534057617,0
18.489999771118164,21.440000534057617,0
15.949999809265137,23.579999923706055,0
15.949999809265137,23.579999923706055,0
13.890000343322754,23.690000534057617,0
13.890000343322754,23.690000534057617,0
15.09000015258789,21.18000030517578,0
15.380000114440918,22.15999984741211,0
15.380000114440918,22.15999984741211,0
26.959999084472656,19.139999389648438,0
36.880001068115234,19.0,0
38.599998474121094,19.940000534057617,0
40.72999954223633,20.799999237060547,0
36.66999816894531,20.190000534057617,0
0,0,0
19.670000076293945,19.670000076293945,0
19.43000030517578,19.43000030517578,0
19.3799991607666,19.3799991607666,0
18.989999771118164,18.989999771118164,0
19.68000030517578,19.68000030517578,0
19.950000762939453,19.950000762939453,0
19.549999237060547,19.549999237060547,0
17.709999084472656,17.709999084472656,0
17.969999313354492,17.969999313354492,0
18.479999542236328,18.479999542236328,0
18.479999542236328,18.479999542236328,0
16.469999313354492,18.18000030517578,0
15.90999984741211,18.5,0
16.5,18.100000381469727,0
16.5,18.100000381469727,0
18.200000762939453,18.200000762939453,0
18.450000762939453,18.450000762939453,0
18.84000015258789,18.84000015258789,0
18.31999969482422,18.31999969482422,0
19.170000076293945,19.170000076293945,0
19.81999969482422,19.81999969482422,0
20.010000228881836,20.010000228881836,0
20.5,20.5,0
21.06999969482422,21.06999969482422,0
20.920000076293945,20.920000076293945,0
21.100000381469727,21.100000381469727,0
20.059999465942383,20.059999465942383,0
19.40999984741211,21.829999923706055,0
19.40999984741211,21.829999923706055,0
19.40999984741211,21.829999923706055,0
20.149999618530273,20.149999618530273,0
20.6200008392334,20.6200008392334,0
20.75,20.75,0
20.809999465942383,20.809999465942383,0
20.43000030517578,22.81999969482422,0
19.440000534057617,23.1200008392334,0
19.040000915527344,23.950000762939453,0
19.040000915527344,23.950000762939453,0
18.34000015258789,24.15999984741211,0
18.34000015258789,24.15999984741211,0
18.34000015258789,24.15999984741211,0
17.989999771118164,24.219999313354492,0
18.549999237060547,25.059999465942383,0
18.329999923706055,25.770000457763672,0
17.979999542236328,26.459999084472656,0
17.190000534057617,25.8799991607666,0
17.780000686645508,27.270000457763672,0
18.360000610351562,28.459999084472656,0
17.979999542236328,28.0,0
17.8799991607666,28.690000534057617,0
17.8799991607666,28.690000534057617,0
18.09000015258789,26.709999084472656,0
18.40999984741211,26.989999771118164,0
18.5,26.549999237060547,0
18.709999084472656,26.989999771118164,0
19.040000915527344,27.25,0
19.56999969482422,27.649999618530273,0
19.56999969482422,28.1200008392334,0
19.56999969482422,28.1200008392334,0
19.8700008392334,29.229999542236328,0
19.969999313354492,29.739999771118164,0
20.040000915527344,29.889999389648438,0
18.559999465942383,30.809999465942383,0
16.09000015258789,28.18000030517578,0
15.970000267028809,29.209999084472656,0
16.06999969482422,30.600000381469727,0
16.06999969482422,30.600000381469727,0
16.06999969482422,30.600000381469727,0
16.06999969482422,30.600000381469727,0
17.06999969482422,29.1299991607666,0
17.700000762939453,29.770000457763672,0
16.90999984741211,28.979999542236328,0
16.90999984741211,28.979999542236328,0
15.6899995803833,30.799999237060547,0
16.040000915527344,32.83000183105469,0
18.93000030517578,35.16999816894531,0
18.93000030517578,35.16999816894531,0
18.93000030517578,35.16999816894531,0
18.93000030517578,35.16999816894531,0
24.670000076293945,36.68000030517578,0
19.829999923706055,33.86000061035156,0
17.0,32.95000076293945,0
16.68000030517578,33.59000015258789,0
16.68000030517578,33.59000015258789,0
16.68000030517578,33.59000015258789,0
17.950000762939453,35.25,0
18.829999923706055,35.27000045776367,0
19.079999923706055,36.189998626708984,0
19.729999542236328,40.47999954223633,0
19.760000228881836,42.70000076293945,0
19.360000610351562,42.93000030517578,0
19.360000610351562,42.93000030517578,0
17.299999237060547,40.58000183105469,0
17.6200008392334,42.439998626708984,0
17.6200008392334,42.439998626708984,0
18.309999465942383,40.150001525878906,0
18.829999923706055,43.900001525878906,0
19.079999923706055,47.900001525878906,0
19.079999923706055,47.900001525878906,0
17.93000030517578,47.599998474121094,0
18.190000534057617,54.2400016784668,0
18.190000534057617,54.2400016784668,0
18.190000534057617,54.2400016784668,0
19.780000686645508,49.08000183105469,0
19.559999465942383,50.56999969482422,0
19.18000030517578,52.47999954223633,0
19.049999237060547,54.869998931884766,0
18.600000381469727,56.29999923706055,0
18.700000762939453,57.2400016784668,0
18.700000762939453,57.2400016784668,0
18.700000762939453,57.2400016784668,0
19.950000762939453,89.95999908447266,0
19.399999618530273,93.12000274658203,0
19.290000915527344,81.20999908447266,0
20.040000915527344,88.95999908447266,0
20.040000915527344,88.95999908447266,0
19.399999618530273,95.20999908447266,0
18.649999618530273,82.83000183105469,0
18.309999465942383,76.2300033569336,0
18.389999389648438,81.5999984741211,0
19.299999237060547,85.95999908447266,0
18.09000015258789,71.19999694824219,0
17.770000457763672,76.47000122070312,0
17.770000457763672,76.47000122070312,0
18.40999984741211,88.37999725341797,0
18.40999984741211,88.37999725341797,0
17.68000030517578,101.19000244140625,0
17.440000534057617,138.97000122070312,0
16.25,115.51000213623047,0
16.40999984741211,208.1999969482422,0
16.25,183.02999877929688,0
16.350000381469727,209.1300048828125,0
18.389999389648438,1698.0699462890625,0
16.420000076293945,134.3000030517578,0
16.420000076293945,134.3000030517578,0
16.420000076293945,134.3000030517578,0
16.420000076293945,134.3000030517578,0
16.420000076293945,134.3000030517578,0
16.420000076293945,134.3000030517578,0
16.420000076293945,134.3000030517578,0
16.420000076293945,134.3000030517578,0
17.1200008392334,147.00999450683594,0
17.1200008392334,147.00999450683594,0
17.1200008392334,147.00999450683594,0
17.1200008392334,147.00999450683594,0
17.1200008392334,147.00999450683594,0
17.1200008392334,147.00999450683594,0
31.530000686645508,233.69000244140625,0
31.530000686645508,233.69000244140625,0
31.530000686645508,233.69000244140625,0
31.530000686645508,233.69000244140625,0
31.530000686645508,233.69000244140625,0
31.530000686645508,233.69000244140625,0
17.270000457763672,247.30999755859375,0
17.270000457763672,247.30999755859375,0
17.270000457763672,247.30999755859375,0
17.030000686645508,247.30999755859375,0
17.030000686645508,247.30999755859375,0
17.030000686645508,247.30999755859375,0
17.030000686645508,247.30999755859375,0
17.030000686645508,247.30999755859375,0
17.030000686645508,247.30999755859375,0
17.030000686645508,247.30999755859375,0
14.270000457763672,247.30999755859375,0
14.210000038146973,247.30999755859375,0
14.210000038146973,247.30999755859375,0
14.359999656677246,93.11000061035156,0
14.359999656677246,93.11000061035156,0
13.670000076293945,93.11000061035156,0
13.59000015258789,172.3000030517578,0
13.6899995803833,190.50999450683594,0
13.850000381469727,164.1999969482422,0
13.619999885559082,122.0,0
14.15999984741211,149.1999969482422,0
14.699999809265137,218.64999389648438,0
13.890000343322754,101.30000305175781,0
14.899999618530273,143.47999572753906,0
17.510000228881836,217.02999877929688,0
17.739999771118164,117.55000305175781,0
17.700000762939453,117.55000305175781,0
17.700000762939453,117.55000305175781,0
16.90999984741211,200.6699981689453,0
18.809999465942383,200.6699981689453,0
19.729999542236328,200.6699981689453,0
18.489999771118164,200.6699981689453,0
17.8799991607666,200.6699981689453,0
17.84000015258789,200.6699981689453,0
17.84000015258789,200.6699981689453,0
20.65999984741211,200.6699981689453,0
17.399999618530273,200.6699981689453,0
15.449999809265137,200.6699981689453,0
14.3100004196167,200.6699981689453,0
14.4399995803833,200.6699981689453,0
15.859999656677246,200.6699981689453,0
17.139999389648438,200.6699981689453,0
17.1200008392334,200.6699981689453,0
17.899999618530273,200.6699981689453,0
16.690000534057617,200.6699981689453,0
14.359999656677246,108.11000061035156,0
14.359999656677246,108.11000061035156,0
14.420000076293945,114.79000091552734,0
14.75,114.79000091552734,0
16.709999084472656,114.79000091552734,0
17.059999465942383,114.79000091552734,0
17.729999542236328,114.79000091552734,0
16.920000076293945,114.79000091552734,0
16.270000457763672,114.79000091552734,0
